Fri Dec 20 15:27:10 2019, 1, "소강상태" 4+1 협상…"중진 제외" 석패율제 등 절충안 거론, 뉴스1
Fri Dec 20 15:27:10 2019, 2, "15억 초과 아파트" 강남3구에 집중…강남구는 10채 중 7채, MBC
Fri Dec 20 15:27:10 2019, 3, 외제차 딜러에 대한 사용자책임 인정, 한국경제TV
Fri Dec 20 15:27:10 2019, 4, "수소차 한번 충전하면 600km 주행... 궁극의 친환경차" 강문정 현대차 수소연구소장, 조선비즈
Fri Dec 20 15:27:10 2019, 5, 더러운 손으로 식빵 만졌더니…美 교사의 ‘손씻기 교육’ 화제, 서울신문
Fri Dec 20 15:27:10 2019, 6, ‘재벌 회장보다 좋다’는 KT 회장. 누가 낙점될까, 한겨레
Fri Dec 20 15:29:11 2019, 7, "소강상태" 4+1 협상…"중진 제외" 석패율제 등 절충안 거론, 뉴스1
Fri Dec 20 15:29:11 2019, 8, (중기면)‘관(官) 냄새’ 확 빠진 기보의 변신, 헤럴드경제
Fri Dec 20 15:29:11 2019, 9, 보성군 ‘2023년 KTX 보성역’ 개통, 프레시안
Fri Dec 20 15:29:11 2019, 10, "수소차 한번 충전하면 600km 주행... 궁극의 친환경차" 강문정 현대차 수소연구소장, 조선비즈
Fri Dec 20 15:29:11 2019, 11, 더러운 손으로 식빵 만졌더니…美 교사의 ‘손씻기 교육’ 화제, 서울신문
Fri Dec 20 15:29:11 2019, 12, ‘재벌 회장보다 좋다’는 KT 회장. 누가 낙점될까, 한겨레
Fri Dec 20 15:31:11 2019, 13, "소강상태" 4+1 협상…"중진 제외" 석패율제 등 절충안 거론, 뉴스1
Fri Dec 20 15:31:11 2019, 14, (중기면)‘관(官) 냄새’ 확 빠진 기보의 변신, 헤럴드경제
Fri Dec 20 15:31:11 2019, 15, 태경 에스비씨(주) 화장품 첨단소재 군산 공장 준공, 뉴시스
Fri Dec 20 15:31:11 2019, 16, "수소차 한번 충전하면 600km 주행... 궁극의 친환경차" 강문정 현대차 수소연구소장, 조선비즈
Fri Dec 20 15:31:11 2019, 17, 더러운 손으로 식빵 만졌더니…美 교사의 ‘손씻기 교육’ 화제, 서울신문
Fri Dec 20 15:31:11 2019, 18, 잘 자려고 만든 휴대폰 "다크모드"가 수면 방해?, ZDNet Korea
Fri Dec 20 15:33:11 2019, 19, 김현종 "24일 한일 정상회담…정상끼리 만나면 진전있기 마련”, 중앙일보
Fri Dec 20 15:33:11 2019, 20, 조세재정연구원장 "주택공급 확대. 다주택자 보유 주택만 늘려", MBC
Fri Dec 20 15:33:11 2019, 21, "회장 자녀 지위 이용"···"명품 밀수" 조현아 모녀 2심도 집유, 중앙일보
Fri Dec 20 15:33:11 2019, 22, "수소차 한번 충전하면 600km 주행... 궁극의 친환경차" 강문정 현대차 수소연구소장, 조선비즈
Fri Dec 20 15:33:11 2019, 23, 더러운 손으로 식빵 만졌더니…美 교사의 ‘손씻기 교육’ 화제, 서울신문
Fri Dec 20 15:33:11 2019, 24, 잘 자려고 만든 휴대폰 "다크모드"가 수면 방해?, ZDNet Korea
Fri Dec 20 15:35:12 2019, 25, "청와대가 지휘한 선거 테러"…김기현. 靑 해명 재반박, 데일리안
Fri Dec 20 15:35:12 2019, 26, 아리온테크놀로지. 3자 배정 유증에 해외사업파트너 참여, 이데일리
Fri Dec 20 15:35:12 2019, 27, "더 이스트라이트 폭행방조" 김창환 2심도 집행유예, 뉴스1
Fri Dec 20 15:35:12 2019, 28, "수소차 한번 충전하면 600km 주행... 궁극의 친환경차" 강문정 현대차 수소연구소장, 조선비즈
Fri Dec 20 15:35:12 2019, 29, 더러운 손으로 식빵 만졌더니…美 교사의 ‘손씻기 교육’ 화제, 서울신문
Fri Dec 20 15:35:12 2019, 30, 잘 자려고 만든 휴대폰 "다크모드"가 수면 방해?, ZDNet Korea
Fri Dec 20 15:37:12 2019, 31, "청와대가 지휘한 선거 테러"…김기현. 靑 해명 재반박, 데일리안
Fri Dec 20 15:37:12 2019, 32, 한수원. 불가리아 원전 투자자 후보 선정, 매일경제
Fri Dec 20 15:37:12 2019, 33, 김기현. "송병기 수첩에 적힌 "좌초되면 좋음". 실제 백지화됐다", 중앙일보
Fri Dec 20 15:37:12 2019, 34, "수소차 한번 충전하면 600km 주행... 궁극의 친환경차" 강문정 현대차 수소연구소장, 조선비즈
Fri Dec 20 15:37:12 2019, 35, 美 비건 방중 이틀째..."오늘 평양行 무산", YTN
Fri Dec 20 15:37:12 2019, 36, 잘 자려고 만든 휴대폰 "다크모드"가 수면 방해?, ZDNet Korea
Fri Dec 20 15:39:12 2019, 37, "청와대가 지휘한 선거 테러"…김기현. 靑 해명 재반박, 데일리안
Fri Dec 20 15:39:12 2019, 38, 한수원. 불가리아 원전 투자자 후보 선정, 매일경제
Fri Dec 20 15:39:12 2019, 39, 이재용 부회장 인권대상 논란에 "취소키로", 미디어오늘
Fri Dec 20 15:39:12 2019, 40, "수소차 한번 충전하면 600km 주행... 궁극의 친환경차" 강문정 현대차 수소연구소장, 조선비즈
Fri Dec 20 15:39:12 2019, 41, 英총선 보수당 승리…런던 부동산 가격은 어디로?, 뉴스1
Fri Dec 20 15:39:12 2019, 42, 잘 자려고 만든 휴대폰 "다크모드"가 수면 방해?, ZDNet Korea
Fri Dec 20 15:41:12 2019, 43, "특검 추진" vs 임종석 고발…"울산사건" 공방, 연합뉴스TV
Fri Dec 20 15:41:12 2019, 44, LS그룹 구자은 "변하고 싶으면 시도하라", 디지털타임스
Fri Dec 20 15:41:12 2019, 45, "560억 보상요구" 사랑제일교회. 정작 명목 보니…, 머니S
Fri Dec 20 15:41:12 2019, 46, "수소차 한번 충전하면 600km 주행... 궁극의 친환경차" 강문정 현대차 수소연구소장, 조선비즈
Fri Dec 20 15:41:12 2019, 47, 美비건. 중국과 대북 문제 조율 속 평양행 무산된 듯(종합), 연합뉴스
Fri Dec 20 15:41:12 2019, 48, 잘 자려고 만든 휴대폰 "다크모드"가 수면 방해?, ZDNet Korea
Fri Dec 20 15:43:12 2019, 49, "특검 추진" vs 임종석 고발…"울산사건" 공방, 연합뉴스TV
Fri Dec 20 15:43:12 2019, 50, 한랭질환자 31% 12월 말~1월 초 발생…“사망자 모두 저체온증”, 헤럴드경제
Fri Dec 20 15:43:12 2019, 51, 주한미군. 부산항 8부두 생화학 의혹 관련 설명회 열어, 한겨레
Fri Dec 20 15:43:12 2019, 52, "수소차 한번 충전하면 600km 주행... 궁극의 친환경차" 강문정 현대차 수소연구소장, 조선비즈
Fri Dec 20 15:43:12 2019, 53, 美비건. 중국과 대북 문제 조율 속 평양행 무산된 듯(종합), 연합뉴스
Fri Dec 20 15:43:12 2019, 54, 잘 자려고 만든 휴대폰 "다크모드"가 수면 방해?, ZDNet Korea
Fri Dec 20 15:45:13 2019, 55, 심재철 “선거법 개악. ‘심·손·정·박’ 종신보험 상품 개발”, 서울신문
Fri Dec 20 15:45:13 2019, 56, 칼 뺀 강희석 이마트 대표. ‘정용진 잡화점’까지 문 닫아, 중앙일보
Fri Dec 20 15:45:13 2019, 57, "편파적 재판" vs "앉아라"…검찰-재판부 "전대미문" 충돌, JTBC
Fri Dec 20 15:45:13 2019, 58, "수소차 한번 충전하면 600km 주행... 궁극의 친환경차" 강문정 현대차 수소연구소장, 조선비즈
Fri Dec 20 15:45:13 2019, 59, 美비건. 중국과 대북 문제 조율 속 평양행 무산된 듯(종합), 연합뉴스
Fri Dec 20 15:45:13 2019, 60, "원전 세계 최고수준인데..탈원전은 21세기 미스터리", 서울경제
Fri Dec 20 15:47:13 2019, 61, 심재철 “선거법 개악. ‘심·손·정·박’ 종신보험 상품 개발”, 서울신문
Fri Dec 20 15:47:13 2019, 62, 칼 뺀 강희석 이마트 대표. ‘정용진 잡화점’까지 문 닫아, 중앙일보
Fri Dec 20 15:47:13 2019, 63, "편파적 재판" vs "앉아라"…검찰-재판부 "전대미문" 충돌, JTBC
Fri Dec 20 15:47:13 2019, 64, "수소차 한번 충전하면 600km 주행... 궁극의 친환경차" 강문정 현대차 수소연구소장, 조선비즈
Fri Dec 20 15:47:13 2019, 65, 美비건. 중국과 대북 문제 조율 속 평양행 무산된 듯(종합), 연합뉴스
Fri Dec 20 15:47:13 2019, 66, "원전 세계 최고수준인데..탈원전은 21세기 미스터리", 서울경제
Fri Dec 20 15:49:13 2019, 67, "돈이 없지. 가오가 없나" 진중권. 동양대 사표 제출…조국 비판 이어갈까(종합), 아시아경제
Fri Dec 20 15:49:13 2019, 68, 칼 뺀 강희석 이마트 대표. ‘정용진 잡화점’까지 문 닫아, 중앙일보
Fri Dec 20 15:49:13 2019, 69, "편파적 재판" vs "앉아라"…검찰-재판부 "전대미문" 충돌, JTBC
Fri Dec 20 15:49:13 2019, 70, "수소차 한번 충전하면 600km 주행... 궁극의 친환경차" 강문정 현대차 수소연구소장, 조선비즈
Fri Dec 20 15:49:13 2019, 71, 美비건. 중국과 대북 문제 조율 속 평양행 무산된 듯(종합), 연합뉴스
Fri Dec 20 15:49:13 2019, 72, "원전 세계 최고수준인데..탈원전은 21세기 미스터리", 서울경제
Fri Dec 20 15:51:13 2019, 73, "돈이 없지. 가오가 없나" 진중권. 동양대 사표 제출…조국 비판 이어갈까(종합), 아시아경제
Fri Dec 20 15:51:13 2019, 74, 칼 뺀 강희석 이마트 대표. ‘정용진 잡화점’까지 문 닫아, 중앙일보
Fri Dec 20 15:51:13 2019, 75, `댓글조작 공모` 김경수 경남지사 2심 선고 내년 1월로 연기, 디지털타임스
Fri Dec 20 15:51:13 2019, 76, "수소차 한번 충전하면 600km 주행... 궁극의 친환경차" 강문정 현대차 수소연구소장, 조선비즈
Fri Dec 20 15:51:13 2019, 77, 美비건. 중국과 대북 문제 조율 속 평양행 무산된 듯(종합), 연합뉴스
Fri Dec 20 15:51:13 2019, 78, "원전 세계 최고수준인데..탈원전은 21세기 미스터리", 서울경제
Fri Dec 20 15:53:14 2019, 79, “朴 대통령. 구치소로 온 편지 다 읽고 보관”, 이데일리
Fri Dec 20 15:53:14 2019, 80, 조세연구원장 “주택 공급 늘리면 다주택자 보유 주택만 늘려줄 것”, 한국일보
Fri Dec 20 15:53:14 2019, 81, 경북 고운사 신도들 "성 추문·폭행 의혹 고운사 주지. 즉시 물러나야", MBC
Fri Dec 20 15:53:14 2019, 82, "수소차 한번 충전하면 600km 주행... 궁극의 친환경차" 강문정 현대차 수소연구소장, 조선비즈
Fri Dec 20 15:53:14 2019, 83, 美비건. 중국과 대북 문제 조율 속 평양행 무산된 듯(종합), 연합뉴스
Fri Dec 20 15:53:14 2019, 84, "원전 세계 최고수준인데..탈원전은 21세기 미스터리", 서울경제
Fri Dec 20 15:55:14 2019, 85, 대통령 "일제강점때부터 독립자금 모금 전통", 미디어오늘
Fri Dec 20 15:55:14 2019, 86, [마감] 코스피. 미·중 무역협상 낙관론에 2200선 회복… 외인·기관 동반매수세, 머니S
Fri Dec 20 15:55:14 2019, 87, 최민수 "연말에 좋지 않은 모습 죄송...상고 안 할 것", YTN
Fri Dec 20 15:55:14 2019, 88, "수소차 한번 충전하면 600km 주행... 궁극의 친환경차" 강문정 현대차 수소연구소장, 조선비즈
Fri Dec 20 15:55:14 2019, 89, 美비건. 중국과 대북 문제 조율 속 평양행 무산된 듯(종합), 연합뉴스
Fri Dec 20 15:55:14 2019, 90, "원전 세계 최고수준인데..탈원전은 21세기 미스터리", 서울경제
Fri Dec 20 15:57:14 2019, 91, 심재철 "교육부. 최성해 총장 탈탈 털어... 치졸한 정치보복", 오마이뉴스
Fri Dec 20 15:57:14 2019, 92, [2020 글로벌 증시전망]연일 신고가 랠리 미 증시.…"내년엔 대선 전까지가 투자비중 확대 시점", 한국경제
Fri Dec 20 15:57:14 2019, 93, 최민수 "연말에 좋지 않은 모습 죄송...상고 안 할 것", YTN
Fri Dec 20 15:57:14 2019, 94, "수소차 한번 충전하면 600km 주행... 궁극의 친환경차" 강문정 현대차 수소연구소장, 조선비즈
Fri Dec 20 15:57:14 2019, 95, 美비건. 중국과 대북 문제 조율 속 평양행 무산된 듯(종합), 연합뉴스
Fri Dec 20 15:57:14 2019, 96, "원전 세계 최고수준인데..탈원전은 21세기 미스터리", 서울경제
Fri Dec 20 15:59:15 2019, 97, 심재철 "교육부. 최성해 총장 탈탈 털어... 치졸한 정치보복", 오마이뉴스
Fri Dec 20 15:59:15 2019, 98, 뉴욕 증시. 트럼프 탄핵에도 오히려 상승하는 이유, 파이낸셜뉴스
Fri Dec 20 15:59:15 2019, 99, 수험생에 “맘에 든다” 카톡보낸 수능 감독관. 교육청 “징계위 열 것”, 한겨레
Fri Dec 20 15:59:15 2019, 100, 오마이뉴스 덕분에 최불암 선생님과 한잔 했습니다, 오마이뉴스
Fri Dec 20 15:59:15 2019, 101, 美비건. 중국과 대북 문제 조율 속 평양행 무산된 듯(종합), 연합뉴스
Fri Dec 20 15:59:15 2019, 102, "원전 세계 최고수준인데..탈원전은 21세기 미스터리", 서울경제
Fri Dec 20 16:01:15 2019, 103, 심재철 "교육부. 최성해 총장 탈탈 털어... 치졸한 정치보복", 오마이뉴스
Fri Dec 20 16:01:15 2019, 104, 뉴욕 증시. 트럼프 탄핵에도 오히려 상승하는 이유, 파이낸셜뉴스
Fri Dec 20 16:01:15 2019, 105, 고속도로서 갑자기 후진. 운전자로 돌진 "보복운전" 구속, 머니투데이
Fri Dec 20 16:01:15 2019, 106, 오마이뉴스 덕분에 최불암 선생님과 한잔 했습니다, 오마이뉴스
Fri Dec 20 16:01:15 2019, 107, 北·美대화 성사될까? 中 "의견교환"강조하며 6자 회담 제안, 파이낸셜뉴스
Fri Dec 20 16:01:15 2019, 108, "원전 세계 최고수준인데..탈원전은 21세기 미스터리", 서울경제
Fri Dec 20 16:03:15 2019, 109, 심재철 "교육부. 최성해 총장 탈탈 털어... 치졸한 정치보복", 오마이뉴스
Fri Dec 20 16:03:15 2019, 110, 뉴욕 증시. 트럼프 탄핵에도 오히려 상승하는 이유, 파이낸셜뉴스
Fri Dec 20 16:03:15 2019, 111, 고속도로서 갑자기 후진. 운전자로 돌진 "보복운전" 구속, 머니투데이
Fri Dec 20 16:03:15 2019, 112, 오마이뉴스 덕분에 최불암 선생님과 한잔 했습니다, 오마이뉴스
Fri Dec 20 16:03:15 2019, 113, 北·美대화 성사될까? 中 "의견교환"강조하며 6자 회담 제안, 파이낸셜뉴스
Fri Dec 20 16:03:15 2019, 114, "원전 세계 최고수준인데..탈원전은 21세기 미스터리", 서울경제
Fri Dec 20 16:05:16 2019, 115, 홍준표 "마음대로 해봐라"…험지 출마 요구·공천 배제 추진에 발끈, 조세일보
Fri Dec 20 16:05:16 2019, 116, 뉴욕 증시. 트럼프 탄핵에도 오히려 상승하는 이유, 파이낸셜뉴스
Fri Dec 20 16:05:16 2019, 117, [영상] 청와대 찾은 수지…이유는?, SBS
Fri Dec 20 16:05:16 2019, 118, 오마이뉴스 덕분에 최불암 선생님과 한잔 했습니다, 오마이뉴스
Fri Dec 20 16:05:16 2019, 119, 北·美대화 성사될까? 中 "의견교환"강조하며 6자 회담 제안, 파이낸셜뉴스
Fri Dec 20 16:05:16 2019, 120, "원전 세계 최고수준인데..탈원전은 21세기 미스터리", 서울경제
Fri Dec 20 16:07:16 2019, 121, 與. 선거법 난항에 미뤄지는 총선시계…이낙연 복귀도 늦춰질 듯, 연합뉴스
Fri Dec 20 16:07:16 2019, 122, 타당성심사과 털린 기재부…"정치와 무관", 머니투데이
Fri Dec 20 16:07:16 2019, 123, [영상] 청와대 찾은 수지…이유는?, SBS
Fri Dec 20 16:07:16 2019, 124, 전광훈 목사 교회 재개발 보상금 논란···563억 VS 82억, 뉴시스
Fri Dec 20 16:07:16 2019, 125, 10년간 남편시신 집안 냉동고 보관…2억 연금 받으려?, 동아일보
Fri Dec 20 16:07:16 2019, 126, "시리야. 삼성 에어콘 켜줘"…구글·아마존·애플·삼성 적과의 동침, 머니투데이
Fri Dec 20 16:09:16 2019, 127, 與. 선거법 난항에 미뤄지는 총선시계…이낙연 복귀도 늦춰질 듯, 연합뉴스
Fri Dec 20 16:09:16 2019, 128, 타당성심사과 털린 기재부…"정치와 무관", 머니투데이
Fri Dec 20 16:09:16 2019, 129, [영상] 청와대 찾은 수지…이유는?, SBS
Fri Dec 20 16:09:16 2019, 130, 전광훈 목사 교회 재개발 보상금 논란···563억 VS 82억, 뉴시스
Fri Dec 20 16:09:16 2019, 131, 10년간 남편시신 집안 냉동고 보관…2억 연금 받으려?, 동아일보
Fri Dec 20 16:09:16 2019, 132, "시리야. 삼성 에어콘 켜줘"…구글·아마존·애플·삼성 적과의 동침, 머니투데이
Fri Dec 20 16:11:16 2019, 133, 與. 선거법 난항에 미뤄지는 총선시계…이낙연 복귀도 늦춰질 듯, 연합뉴스
Fri Dec 20 16:11:16 2019, 134, 김경욱 국토 2차관 총선출마 위해 사의…후임 손명수 유력, 이데일리
Fri Dec 20 16:11:16 2019, 135, 경찰관 출신 국회의원 예비후보는 누구...김용판. 이상식. 서범수 등, 파이낸셜뉴스
Fri Dec 20 16:11:16 2019, 136, 전광훈 목사 교회 재개발 보상금 논란···563억 VS 82억, 뉴시스
Fri Dec 20 16:11:16 2019, 137, 10년간 남편시신 집안 냉동고 보관…2억 연금 받으려?, 동아일보
Fri Dec 20 16:11:16 2019, 138, "시리야. 삼성 에어콘 켜줘"…구글·아마존·애플·삼성 적과의 동침, 머니투데이
Fri Dec 20 16:13:16 2019, 139, 與. 선거법 난항에 미뤄지는 총선시계…이낙연 복귀도 늦춰질 듯, 연합뉴스
Fri Dec 20 16:13:16 2019, 140, "12·16 방아쇠" 25주째 상승 서울집값 저격할까, 파이낸셜뉴스
Fri Dec 20 16:13:16 2019, 141, ‘조국 발(發)’ 대입 개편에 학자들 "학교 정상화 소홀""정치도구화", 중앙일보
Fri Dec 20 16:13:16 2019, 142, <올어바웃매너>향수. 팔목·발목·귀밑에 살짝… 하반신에 뿌리면 오래 지속, 문화일보
Fri Dec 20 16:13:16 2019, 143, 10년간 남편시신 집안 냉동고 보관…2억 연금 받으려?, 동아일보
Fri Dec 20 16:13:16 2019, 144, "시리야. 삼성 에어콘 켜줘"…구글·아마존·애플·삼성 적과의 동침, 머니투데이
Fri Dec 20 16:15:17 2019, 145, 與. 선거법 난항에 미뤄지는 총선시계…이낙연 복귀도 늦춰질 듯, 연합뉴스
Fri Dec 20 16:15:17 2019, 146, 현대차의 하늘을 나는 자동차 청사진. 내년 1월 CES에서 공개, 한국일보
Fri Dec 20 16:15:17 2019, 147, 김기현 병원 좌초 靑 개입됐나···검찰. 기획재정부 압수수색, 서울경제
Fri Dec 20 16:15:17 2019, 148, <올어바웃매너>향수. 팔목·발목·귀밑에 살짝… 하반신에 뿌리면 오래 지속, 문화일보
Fri Dec 20 16:15:17 2019, 149, 10년간 남편시신 집안 냉동고 보관…2억 연금 받으려?, 동아일보
Fri Dec 20 16:15:17 2019, 150, "시리야. 삼성 에어콘 켜줘"…구글·아마존·애플·삼성 적과의 동침, 머니투데이
Fri Dec 20 16:17:17 2019, 151, 與. 선거법 난항에 미뤄지는 총선시계…이낙연 복귀도 늦춰질 듯, 연합뉴스
Fri Dec 20 16:17:17 2019, 152, 현대차의 하늘을 나는 자동차 청사진. 내년 1월 CES에서 공개, 한국일보
Fri Dec 20 16:17:17 2019, 153, 12년 만에 가장 따뜻하고 눈 없는 크리스마스 될 듯…21일까지 춥다, 동아일보
Fri Dec 20 16:17:17 2019, 154, <올어바웃매너>향수. 팔목·발목·귀밑에 살짝… 하반신에 뿌리면 오래 지속, 문화일보
Fri Dec 20 16:17:17 2019, 155, 10년간 남편시신 집안 냉동고 보관…2억 연금 받으려?, 동아일보
Fri Dec 20 16:17:17 2019, 156, "시리야. 삼성 에어콘 켜줘"…구글·아마존·애플·삼성 적과의 동침, 머니투데이
Fri Dec 20 16:19:19 2019, 157, 與. 선거법 난항에 미뤄지는 총선시계…이낙연 복귀도 늦춰질 듯, 연합뉴스
Fri Dec 20 16:19:19 2019, 158, 현대차의 하늘을 나는 자동차 청사진. 내년 1월 CES에서 공개, 한국일보
Fri Dec 20 16:19:19 2019, 159, ‘밀수입’ 이명희·조현아. 2심도 집유…법원 “사치품 아닌 생활용품”, 국민일보
Fri Dec 20 16:19:19 2019, 160, <올어바웃매너>향수. 팔목·발목·귀밑에 살짝… 하반신에 뿌리면 오래 지속, 문화일보
Fri Dec 20 16:19:19 2019, 161, "강경파" 볼턴 전 보좌관 "북한 연말 도발위협은 엄포…지켜봐야 해", 노컷뉴스
Fri Dec 20 16:19:19 2019, 162, "시리야. 삼성 에어콘 켜줘"…구글·아마존·애플·삼성 적과의 동침, 머니투데이
Fri Dec 20 16:21:20 2019, 163, 與. 선거법 난항에 미뤄지는 총선시계…이낙연 복귀도 늦춰질 듯, 연합뉴스
Fri Dec 20 16:21:20 2019, 164, "세금 내려고 알바합니다"...집 가진 은퇴자의 눈물, 한국경제TV
Fri Dec 20 16:21:20 2019, 165, 특고에서 플랫폼으로..."신노동 법제 인프라"는 어디에, 서울경제
Fri Dec 20 16:21:20 2019, 166, 한국영화 대작 연말 레이스 가동…관객의 선택은?, 연합뉴스TV
Fri Dec 20 16:21:20 2019, 167, 시진핑 "외부세력 홍콩·마카오 개입 용납 못 한다"(종합), 연합뉴스
Fri Dec 20 16:21:20 2019, 168, 2019년 가장 사랑받았던 모바일 앱 10, 블로터
Fri Dec 20 16:23:20 2019, 169, 北 당 전원회의 임박…"판도라의 상자" 열린다, 파이낸셜뉴스
Fri Dec 20 16:23:20 2019, 170, 서울 아파트 15억 초과 15.5%…초고가 95.9% 서울 집중, 한겨레
Fri Dec 20 16:23:20 2019, 171, 특고에서 플랫폼으로..."신노동 법제 인프라"는 어디에, 서울경제
Fri Dec 20 16:23:20 2019, 172, 한국영화 대작 연말 레이스 가동…관객의 선택은?, 연합뉴스TV
Fri Dec 20 16:23:20 2019, 173, 시진핑 "외부세력 홍콩·마카오 개입 용납 못 한다"(종합), 연합뉴스
Fri Dec 20 16:23:20 2019, 174, 2019년 가장 사랑받았던 모바일 앱 10, 블로터
Fri Dec 20 16:25:20 2019, 175, 초유의 여당발 특검 일단 보류···당내서도 "애초 무리수", 중앙일보
Fri Dec 20 16:25:20 2019, 176, HDC그룹. 2020년도 정기임원인사… 김대철 사장 부회장 승진, 머니S
Fri Dec 20 16:25:20 2019, 177, 특고에서 플랫폼으로..."신노동 법제 인프라"는 어디에, 서울경제
Fri Dec 20 16:25:20 2019, 178, "지근거리" 대마도. 불매운동 직격탄… 한국인 관광객 90% 급감, 머니S
Fri Dec 20 16:25:20 2019, 179, 시진핑 "외부세력 홍콩·마카오 개입 용납 못 한다"(종합), 연합뉴스
Fri Dec 20 16:25:20 2019, 180, 2019년 가장 사랑받았던 모바일 앱 10, 블로터
Fri Dec 20 16:27:21 2019, 181, 초유의 여당발 특검 일단 보류···당내서도 "애초 무리수", 중앙일보
Fri Dec 20 16:27:21 2019, 182, HDC그룹. 2020년도 정기임원인사… 김대철 사장 부회장 승진, 머니S
Fri Dec 20 16:27:21 2019, 183, 특고에서 플랫폼으로..."신노동 법제 인프라"는 어디에, 서울경제
Fri Dec 20 16:27:21 2019, 184, "지근거리" 대마도. 불매운동 직격탄… 한국인 관광객 90% 급감, 머니S
Fri Dec 20 16:27:21 2019, 185, 시진핑 "외부세력 홍콩·마카오 개입 용납 못 한다"(종합), 연합뉴스
Fri Dec 20 16:27:21 2019, 186, 2019년 가장 사랑받았던 모바일 앱 10, 블로터
Fri Dec 20 16:29:21 2019, 187, 김기현 "시장 시절 추진한 병원건립 좌초…靑도 움직였다"(종합), 연합뉴스
Fri Dec 20 16:29:21 2019, 188, 에쓰오일 “배당성향 30% 유지”… 배당총액은 줄듯, 머니S
Fri Dec 20 16:29:21 2019, 189, 한국GM 창원공장. 임시휴업카드로 노조 압박…속내는 1교대 전환, 연합뉴스
Fri Dec 20 16:29:21 2019, 190, 척박한 환경서 혁신 추구한 핀란드 디자인을 만나다(종합), 연합뉴스
Fri Dec 20 16:29:21 2019, 191, 시진핑 "외부세력 홍콩·마카오 개입 용납 못 한다"(종합), 연합뉴스
